{"metric":"pySparkFunctionCalled","tags":{"hostName":"0807-020503-n8pcq51u-10-3-57-10","buildHash":"f78c105220bb5b5f8a06a6d0a79d0844b5150da0","sourceCodeLine":"53","moduleName":"pyspark.sql.session","branchName":"development","shardName":"","pySparkFunction":"__init__(self, sparkContext: 'SparkContext', jsparkSession: Optional[ForwardRef('JavaObject')] = None, options: Dict[str, Any] = {})","className":"SparkSession","trackedByHeartBeat":"true","messageSequenceNumber":"0","messageServerUuid":"Sbl3WJ9lSs+oGjf3Idervg==","sourceProject":"NoServiceName","sparkVersion":"","sparkApplicationId":"local-1754543207718","logCollectionPolicy":"","sourceCodeFile":"spark/driver/core/DatabricksSparkUsageLogger.scala","tier":"tier-0","loggingTimeMs":"64","status":"success"},"timestamp":1754543217274,"v":3,"quantity":1.0,"blob":"{\"duration\": 75.04160399912507}"}
{"metric":"initialConfigLogging","tags":{"hostName":"0807-020503-n8pcq51u-10-3-57-10","buildHash":"f78c105220bb5b5f8a06a6d0a79d0844b5150da0","sourceCodeLine":"53","branchName":"development","shardName":"","trackedByHeartBeat":"true","messageSequenceNumber":"1","messageServerUuid":"Sbl3WJ9lSs+oGjf3Idervg==","sourceProject":"NoServiceName","sparkVersion":"","sparkApplicationId":"local-1754543207718","logCollectionPolicy":"","sourceCodeFile":"spark/driver/core/DatabricksSparkUsageLogger.scala","tier":"tier-0","loggingTimeMs":"2"},"timestamp":1754543225852,"v":3,"quantity":1.0,"blob":"{\"spark.sql.warehouse.dir\":\"file:/Workspace/Users/labuser11091541_1754532261@vocareum.com/databricks_automl/spark-warehouse\",\"spark.executor.extraJavaOptions\":\"-Djava.net.preferIPv6Addresses=false -XX:+IgnoreUnrecognizedVMOptions --add-opens=java.base/java.lang=ALL-UNNAMED --add-opens=java.base/java.lang.invoke=ALL-UNNAMED --add-opens=java.base/java.lang.reflect=ALL-UNNAMED --add-opens=java.base/java.io=ALL-UNNAMED --add-opens=java.base/java.net=ALL-UNNAMED --add-opens=java.base/java.nio=ALL-UNNAMED --add-opens=java.base/java.util=ALL-UNNAMED --add-opens=java.base/java.util.concurrent=ALL-UNNAMED --add-opens=java.base/java.util.concurrent.atomic=ALL-UNNAMED --add-opens=java.base/jdk.internal.ref=ALL-UNNAMED --add-opens=java.base/sun.nio.ch=ALL-UNNAMED --add-opens=java.base/sun.nio.cs=ALL-UNNAMED --add-opens=java.base/sun.security.action=ALL-UNNAMED --add-opens=java.base/sun.util.calendar=ALL-UNNAMED --add-opens=java.security.jgss/sun.security.krb5=ALL-UNNAMED --add-opens=jdk.jfr/jdk.jfr.internal.consumer=ALL-UNNAMED --add-opens=jdk.jfr/jdk.jfr.internal=ALL-UNNAMED --add-opens=java.management/sun.management=ALL-UNNAMED --add-opens=java.base/jdk.internal.loader=ALL-UNNAMED --add-opens=jdk.naming.dns/com.sun.jndi.dns=java.naming -Djdk.reflect.useDirectMethodHandle=false\",\"spark.driver.host\":\"ip-10-3-57-10.us-west-2.compute.internal\",\"spark.serializer.objectStreamReset\":\"100\",\"spark.aether.driver.id\":\"driver\",\"spark.driver.port\":\"44097\",\"spark.rdd.compress\":\"True\",\"spark.connect.extensions.relation.classes\":\"io.delta.connect.DeltaRelationPlugin,com.databricks.spark.connect.plugin.DbutilsRelationPlugin\",\"spark.app.name\":\"pyspark-shell\",\"spark.connect.extensions.command.classes\":\"io.delta.connect.DeltaCommandPlugin,com.databricks.spark.connect.plugin.QueryHistoryCommandPlugin\",\"spark.submit.pyFiles\":\"\",\"spark.ui.showConsoleProgress\":\"true\",\"spark.app.submitTime\":\"1754543189619\",\"spark.app.startTime\":\"1754543190312\",\"spark.executor.id\":\"driver\",\"spark.hadoop.fs.s3a.connection.establish.timeout\":\"30000\",\"spark.driver.extraJavaOptions\":\"-Djava.net.preferIPv6Addresses=false -XX:+IgnoreUnrecognizedVMOptions --add-opens=java.base/java.lang=ALL-UNNAMED --add-opens=java.base/java.lang.invoke=ALL-UNNAMED --add-opens=java.base/java.lang.reflect=ALL-UNNAMED --add-opens=java.base/java.io=ALL-UNNAMED --add-opens=java.base/java.net=ALL-UNNAMED --add-opens=java.base/java.nio=ALL-UNNAMED --add-opens=java.base/java.util=ALL-UNNAMED --add-opens=java.base/java.util.concurrent=ALL-UNNAMED --add-opens=java.base/java.util.concurrent.atomic=ALL-UNNAMED --add-opens=java.base/jdk.internal.ref=ALL-UNNAMED --add-opens=java.base/sun.nio.ch=ALL-UNNAMED --add-opens=java.base/sun.nio.cs=ALL-UNNAMED --add-opens=java.base/sun.security.action=ALL-UNNAMED --add-opens=java.base/sun.util.calendar=ALL-UNNAMED --add-opens=java.security.jgss/sun.security.krb5=ALL-UNNAMED --add-opens=jdk.jfr/jdk.jfr.internal.consumer=ALL-UNNAMED --add-opens=jdk.jfr/jdk.jfr.internal=ALL-UNNAMED --add-opens=java.management/sun.management=ALL-UNNAMED --add-opens=java.base/jdk.internal.loader=ALL-UNNAMED --add-opens=jdk.naming.dns/com.sun.jndi.dns=java.naming -Djdk.reflect.useDirectMethodHandle=false\",\"spark.submit.deployMode\":\"client\",\"spark.master\":\"local[4]\",\"spark.plugins\":\"org.apache.spark.sql.connect.SparkConnectPlugin\",\"spark.app.id\":\"local-1754543207718\"}"}
{"metric":"sparkNumTaskSlotsTotal","tags":{"hostName":"0807-020503-n8pcq51u-10-3-57-10","buildHash":"f78c105220bb5b5f8a06a6d0a79d0844b5150da0","sourceCodeLine":"18","branchName":"development","shardName":"","trackedByHeartBeat":"true","samplingIntervalMillis":"15000","messageSequenceNumber":"2","messageServerUuid":"Sbl3WJ9lSs+oGjf3Idervg==","sourceProject":"NoServiceName","sparkVersion":"","sparkApplicationId":"local-1754543207718","usageLogCanonicalSource":"legacy","logCollectionPolicy":"","sourceCodeFile":"common/logging/usage/src/ProductLogging.scala","tier":"tier-0","loggingTimeMs":"104"},"timestamp":1754543240203,"v":3,"quantity":4.0,"blob":null}
{"metric":"sparkUtilizationMetrics","tags":{"hostName":"0807-020503-n8pcq51u-10-3-57-10","buildHash":"f78c105220bb5b5f8a06a6d0a79d0844b5150da0","sourceCodeLine":"53","branchName":"development","shardName":"","trackedByHeartBeat":"true","samplingIntervalMillis":"15000","messageSequenceNumber":"3","messageServerUuid":"Sbl3WJ9lSs+oGjf3Idervg==","sourceProject":"NoServiceName","sparkVersion":"","sparkApplicationId":"local-1754543207718","logCollectionPolicy":"","sourceCodeFile":"spark/driver/core/DatabricksSparkUsageLogger.scala","tier":"tier-0","loggingTimeMs":"0"},"timestamp":1754543240258,"v":3,"quantity":1.0,"blob":"{\"REDACTED_POSSIBLE_SECRET_ACCESS_KEY\":0,\"sparkNumExecutorsActive\":0,\"sparkNumExecutorsTotal\":1,\"sparkNumActiveTasks\":0,\"sparkNumTaskSlotsTotal\":4,\"sparkNumPendingTasks\":0}"}
